Nom,Email,Téléphone,Categorie,Adresse,Fonction,Entreprise
Meryem,meryem.hachamialaoui@gmail.com,0658791746,Client,Morocco,Comptable,Capgemini
Hakima,hakimasoukrati276@gmail.com,0760924852,Fournisseur,Morocco,Commerciale,Dell
Maria,maria@gmail.com,0795635423,Laboratoire,Morocco,Technicienne,BioLab
Zineb,zineb@gmail.com,0606872469
Imin,imin@gmail.com,0687986543
ZINEB BOUMALEK,ZINEB@email.com,0612345678
Meryem Hachami Alaoui ,Meryem@company.ma,0698765432
Hakima Soukrati,hakima@gmail.com,0760924852
Asmae Alaoui,asmae@gmail.com,0789126554
